epoch,metric,direction,value,evalSet
1.0,eval_chrf,dv-en,21.9802,valid-full
2.0,eval_chrf,dv-en,27.7192,valid-full
3.0,eval_chrf,dv-en,29.9388,valid-full
3.03313,eval_chrf,dv-en,30.0058,valid-small
3.06646,eval_chrf,dv-en,30.2325,valid-small
3.09979,eval_chrf,dv-en,29.7281,valid-small
3.13312,eval_chrf,dv-en,30.0848,valid-small
3.16646,eval_chrf,dv-en,30.3103,valid-small
3.19979,eval_chrf,dv-en,30.4054,valid-small
3.23312,eval_chrf,dv-en,30.2001,valid-small
3.26645,eval_chrf,dv-en,30.3353,valid-small
3.29978,eval_chrf,dv-en,30.3779,valid-small
3.33311,eval_chrf,dv-en,30.5105,valid-small
3.36644,eval_chrf,dv-en,30.3416,valid-small
3.39977,eval_chrf,dv-en,30.4425,valid-small
3.4331,eval_chrf,dv-en,30.483,valid-small
3.46644,eval_chrf,dv-en,30.3496,valid-small
3.49977,eval_chrf,dv-en,30.6443,valid-small
3.5331,eval_chrf,dv-en,30.3785,valid-small
3.56643,eval_chrf,dv-en,30.6191,valid-small
3.59976,eval_chrf,dv-en,30.5745,valid-small
3.63309,eval_chrf,dv-en,30.5468,valid-small
3.66642,eval_chrf,dv-en,30.5463,valid-small
3.69975,eval_chrf,dv-en,30.6227,valid-small
3.73308,eval_chrf,dv-en,30.6377,valid-small
3.76642,eval_chrf,dv-en,30.6779,valid-small
3.79975,eval_chrf,dv-en,30.7542,valid-small
3.83308,eval_chrf,dv-en,30.7352,valid-small
3.86641,eval_chrf,dv-en,30.7777,valid-small
3.89974,eval_chrf,dv-en,30.6783,valid-small
3.93307,eval_chrf,dv-en,30.859,valid-small
3.9664,eval_chrf,dv-en,30.7298,valid-small
3.99973,eval_chrf,dv-en,30.751,valid-small
1.0,eval_chrf,en-dv,24.7156,valid-full
2.0,eval_chrf,en-dv,32.6854,valid-full
3.0,eval_chrf,en-dv,35.7766,valid-full
3.03313,eval_chrf,en-dv,36.0615,valid-small
3.06646,eval_chrf,en-dv,35.9596,valid-small
3.09979,eval_chrf,en-dv,35.9025,valid-small
3.13312,eval_chrf,en-dv,36.2734,valid-small
3.16646,eval_chrf,en-dv,36.081,valid-small
3.19979,eval_chrf,en-dv,36.0497,valid-small
3.23312,eval_chrf,en-dv,36.3762,valid-small
3.26645,eval_chrf,en-dv,36.3759,valid-small
3.29978,eval_chrf,en-dv,36.3668,valid-small
3.33311,eval_chrf,en-dv,36.4814,valid-small
3.36644,eval_chrf,en-dv,36.4084,valid-small
3.39977,eval_chrf,en-dv,36.4718,valid-small
3.4331,eval_chrf,en-dv,36.4559,valid-small
3.46644,eval_chrf,en-dv,36.6583,valid-small
3.49977,eval_chrf,en-dv,36.6584,valid-small
3.5331,eval_chrf,en-dv,36.4422,valid-small
3.56643,eval_chrf,en-dv,36.4899,valid-small
3.59976,eval_chrf,en-dv,36.7878,valid-small
3.63309,eval_chrf,en-dv,36.8651,valid-small
3.66642,eval_chrf,en-dv,36.7268,valid-small
3.69975,eval_chrf,en-dv,36.8245,valid-small
3.73308,eval_chrf,en-dv,36.9166,valid-small
3.76642,eval_chrf,en-dv,36.8828,valid-small
3.79975,eval_chrf,en-dv,36.8537,valid-small
3.83308,eval_chrf,en-dv,36.8578,valid-small
3.86641,eval_chrf,en-dv,37.0244,valid-small
3.89974,eval_chrf,en-dv,36.9258,valid-small
3.93307,eval_chrf,en-dv,36.9536,valid-small
3.9664,eval_chrf,en-dv,36.9842,valid-small
3.99973,eval_chrf,en-dv,36.9427,valid-small
1.0,eval_bleu,dv-en,3.9483,valid-full
2.0,eval_bleu,dv-en,6.2369,valid-full
3.0,eval_bleu,dv-en,7.8236,valid-full
3.03313,eval_bleu,dv-en,8.3242,valid-small
3.06646,eval_bleu,dv-en,8.3858,valid-small
3.09979,eval_bleu,dv-en,7.8801,valid-small
3.13312,eval_bleu,dv-en,8.0289,valid-small
3.16646,eval_bleu,dv-en,8.3375,valid-small
3.19979,eval_bleu,dv-en,8.1671,valid-small
3.23312,eval_bleu,dv-en,8.02,valid-small
3.26645,eval_bleu,dv-en,8.0536,valid-small
3.29978,eval_bleu,dv-en,8.0809,valid-small
3.33311,eval_bleu,dv-en,8.2199,valid-small
3.36644,eval_bleu,dv-en,8.2865,valid-small
3.39977,eval_bleu,dv-en,8.2184,valid-small
3.4331,eval_bleu,dv-en,8.1933,valid-small
3.46644,eval_bleu,dv-en,8.1552,valid-small
3.49977,eval_bleu,dv-en,8.3792,valid-small
3.5331,eval_bleu,dv-en,8.2518,valid-small
3.56643,eval_bleu,dv-en,8.1652,valid-small
3.59976,eval_bleu,dv-en,8.5133,valid-small
3.63309,eval_bleu,dv-en,8.2392,valid-small
3.66642,eval_bleu,dv-en,8.4628,valid-small
3.69975,eval_bleu,dv-en,8.2593,valid-small
3.73308,eval_bleu,dv-en,8.4521,valid-small
3.76642,eval_bleu,dv-en,8.4595,valid-small
3.79975,eval_bleu,dv-en,8.4056,valid-small
3.83308,eval_bleu,dv-en,8.526,valid-small
3.86641,eval_bleu,dv-en,8.4183,valid-small
3.89974,eval_bleu,dv-en,8.3938,valid-small
3.93307,eval_bleu,dv-en,8.5448,valid-small
3.9664,eval_bleu,dv-en,8.4487,valid-small
3.99973,eval_bleu,dv-en,8.5663,valid-small
1.0,eval_bleu,en-dv,2.5807,valid-full
2.0,eval_bleu,en-dv,4.7617,valid-full
3.0,eval_bleu,en-dv,5.8947,valid-full
3.03313,eval_bleu,en-dv,5.5249,valid-small
3.06646,eval_bleu,en-dv,5.5982,valid-small
3.09979,eval_bleu,en-dv,5.4888,valid-small
3.13312,eval_bleu,en-dv,5.6866,valid-small
3.16646,eval_bleu,en-dv,5.5949,valid-small
3.19979,eval_bleu,en-dv,5.6915,valid-small
3.23312,eval_bleu,en-dv,5.8344,valid-small
3.26645,eval_bleu,en-dv,5.5791,valid-small
3.29978,eval_bleu,en-dv,5.5437,valid-small
3.33311,eval_bleu,en-dv,5.6875,valid-small
3.36644,eval_bleu,en-dv,5.7167,valid-small
3.39977,eval_bleu,en-dv,5.897,valid-small
3.4331,eval_bleu,en-dv,5.7704,valid-small
3.46644,eval_bleu,en-dv,5.8206,valid-small
3.49977,eval_bleu,en-dv,5.8104,valid-small
3.5331,eval_bleu,en-dv,5.7376,valid-small
3.56643,eval_bleu,en-dv,5.7917,valid-small
3.59976,eval_bleu,en-dv,5.8444,valid-small
3.63309,eval_bleu,en-dv,5.8558,valid-small
3.66642,eval_bleu,en-dv,5.8072,valid-small
3.69975,eval_bleu,en-dv,5.7891,valid-small
3.73308,eval_bleu,en-dv,5.8931,valid-small
3.76642,eval_bleu,en-dv,5.7767,valid-small
3.79975,eval_bleu,en-dv,5.745,valid-small
3.83308,eval_bleu,en-dv,5.9157,valid-small
3.86641,eval_bleu,en-dv,5.8857,valid-small
3.89974,eval_bleu,en-dv,5.7823,valid-small
3.93307,eval_bleu,en-dv,5.9835,valid-small
3.9664,eval_bleu,en-dv,5.9234,valid-small
3.99973,eval_bleu,en-dv,5.9235,valid-small
